ID,Begintijd,Tijd van voltooien,E-mail,Naam,Tijd van laatste wijziging,"Wat is uw geslacht?
",Wat is het hoogste onderwijsniveau dat u heeft afgerond?,Wat is uw leeftijd?,"Wat is uw religieuze overtuiging?
",In welke provincie heeft u het grootste deel van uw jeugd doorgebracht?,Vindt u dat iemand zelf moet kunnen kiezen of die een abortus wil?,"Indien u bij de vorige vraag 'Nee' heeft ingevuld;Â 
Vindt u dat er uitzonderingen zijn waarin iemand dit wel zelf moet kunnen kiezen?  

",Vindt u dat er voor abortus gekozen mag worden als de gezondheid van de vrouw door de zwangerschap in gevaar kan komen?,Vindt u dat iemand een abortus mag als de zwangerschap een gevolg is van verkrachting?,"Vindt u dat een minderjarig kind de keuze moet hebben om voor een abortus te kiezen?  

","Vindt u dat de ouders zeggenschap moeten hebben over of hun minderjarige kind wel of niet voor abortus mag kiezen?

",Moet het wettelijk verplicht worden voor vrouwen die een abortus willen om een echo van de foetus te zien voordat een abortus toegestaan is?,Vindt u dat de wettelijke bedenktijd moet terugkomen?,Vindt u dat adoptie een alternatief is voor abortus?,Moet de biologische vader zeggenschap hebben over de beslissing voor een abortus?,Het leven van de vrouw in gevaar is,Het kind met een geestelijke handicap geboren kan worden,Het kind met een levensbedreigende ziekte geboren kan worden,De zwangerschap veroorzaakt is door verkrachting,De vrouw het kind niet wil houden om niet gespecificeerde redenen,De vrouw niet in staat is voor het kind te zorgen vanwege financiÃ«le beperkingen,Wil je nog iets kwijt over de vragen of iets toevoegen?
1,5-8-24 8:49:29,5-8-24 8:51:35,anonymous,,,Man,MBO,22,Niet gelovig,Groningen,Ja,Niet van toepassing ,Ja,Ja,Ja,Weet ik niet,Nee,Weet ik niet,Ja,Ja,eens,beetje eens,beetje eens,eens,eens,beetje eens,Hoi
2,5-8-24 8:49:07,5-8-24 8:52:43,anonymous,,,Man,Middelbare school,20,Niet gelovig,Groningen,Ja,Niet van toepassing ,Ja,Ja,Ja,Nee,Nee,Ja,Nee,Nee,eens,eens,eens,eens,beetje eens,eens,
3,5-8-24 8:50:36,5-8-24 8:53:12,anonymous,,,Vrouw,MBO,21,Anders,Groningen,Ja,Niet van toepassing ,Ja,Ja,Ja,Nee,Nee,Ja,Nee,Nee,zeer eens,oneens,oneens,zeer eens,zeer eens,zeer eens,
4,5-8-24 9:09:33,5-8-24 9:11:26,anonymous,,,Man,Middelbare school,20,Christendom ,Friesland,Ja,,Ja,Ja,Ja,Ja,Nee,Ja,Nee,Nee,eens,neutraal,beetje eens,eens,oneens,neutraal,
5,5-8-24 10:01:09,5-8-24 10:03:33,anonymous,,,Vrouw,Middelbare school,18,Niet gelovig,Drenthe,Ja,,Ja,Ja,Ja,Nee,Nee,Nee,Nee,Nee,zeer eens,neutraal,eens,zeer eens,zeer eens,beetje eens,
6,5-8-24 10:07:21,5-8-24 10:10:00,anonymous,,,Vrouw,MBO,30,Niet gelovig,Friesland,Ja,Niet van toepassing ,Ja,Ja,Ja,Weet ik niet,Nee,Nee,Nee,Ja,eens,beetje eens,beetje eens,zeer eens,beetje oneens,beetje eens,Bij vraag 11 een toelichting. Ouders moeten zeggenschap hebben mits er sprake is van incest/mishandeling in huis. 
7,5-8-24 10:02:38,5-8-24 10:11:41,anonymous,,,Man,HBO,23,Niet gelovig,Groningen,Ja,Niet van toepassing ,Ja,Ja,Ja,Ja,Nee,Nee,Nee,Nee,zeer eens,zeer eens,zeer eens,zeer eens,zeer eens,zeer eens,<3
8,5-8-24 10:07:47,5-8-24 10:12:36,anonymous,,,Man,Middelbare school,21,Niet gelovig,Friesland,Ja,Niet van toepassing ,Ja,Ja,Ja,Nee,Ja,Ja,Nee,Ja,eens,neutraal,beetje eens,eens,oneens,oneens,Sommige vragen zijn heel situatie afhankelijk voorbeeld ouder zeggenschap en biologische vader. 
9,5-8-24 10:05:24,5-8-24 10:14:18,anonymous,,,Vrouw,Middelbare school,24,Niet gelovig,Drenthe,Ja,Niet van toepassing ,Ja,Ja,Ja,Nee,Nee,Nee,Nee,Nee,zeer eens,zeer eens,zeer eens,zeer eens,zeer eens,zeer eens,Geef vrouwen altijd zelf de keuze ðŸ˜
10,5-8-24 10:21:59,5-8-24 10:24:19,anonymous,,,Vrouw,Middelbare school,20,Niet gelovig,Drenthe,Ja,Niet van toepassing ,Ja,Ja,Ja,Nee,Nee,Weet ik niet,Nee,Nee,zeer eens,neutraal,eens,zeer eens,zeer eens,zeer eens,
11,5-8-24 10:46:59,5-8-24 10:49:01,anonymous,,,Man,Middelbare school,20,Niet gelovig,Friesland,Ja,Niet van toepassing ,Ja,Ja,Ja,Weet ik niet,Nee,Nee,Nee,Ja,zeer eens,beetje eens,zeer eens,zeer eens,beetje eens,eens,
12,5-8-24 10:46:56,5-8-24 10:50:44,anonymous,,,Vrouw,Middelbare school,17,Niet gelovig,Groningen,Ja,Niet van toepassing ,Ja,Ja,Ja,Nee,Nee,Nee,Nee,Nee,zeer eens,neutraal,beetje eens,zeer eens,zeer eens,neutraal,
13,5-8-24 10:53:44,5-8-24 10:56:49,anonymous,,,Vrouw,HBO,24,Niet gelovig,Limburg,Ja,Niet van toepassing ,Ja,Ja,Ja,Nee,Nee,Nee,Nee,Ja,eens,beetje eens,eens,zeer eens,beetje eens,eens,
14,5-8-24 10:57:58,5-8-24 11:02:50,anonymous,,,Vrouw,HBO,50,Niet gelovig,Groningen,Ja,Niet van toepassing ,Ja,Ja,Ja,Weet ik niet,Nee,Nee,Nee,Nee,eens,beetje eens,beetje eens,eens,eens,beetje oneens,
15,5-8-24 11:02:00,5-8-24 11:06:30,anonymous,,,Man,MBO,55,Niet gelovig,Drenthe,Ja,Niet van toepassing ,Ja,Ja,Ja,Nee,Nee,Nee,Nee,Nee,beetje eens,neutraal,neutraal,eens,eens,neutraal,
16,5-8-24 11:29:00,5-8-24 11:33:55,anonymous,,,Man,HBO,49,Niet gelovig,Noord-Holland,Ja,Niet van toepassing ,Ja,Ja,Ja,Ja,Nee,Ja,Nee,Nee,zeer eens,beetje oneens,eens,zeer eens,zeer eens,zeer eens,"Het is altijd de keuze van de moeder, ongeacht de reden. Soms gaat dit in overleg met de vader of andere naasten."
17,5-8-24 11:40:13,5-8-24 11:42:22,anonymous,,,Man,HBO,28,Niet gelovig,Noord-Holland,Ja,Niet van toepassing ,Ja,Ja,Ja,Ja,Nee,Nee,Weet ik niet,Ja,zeer eens,eens,eens,zeer eens,eens,zeer eens,
18,5-8-24 11:43:28,5-8-24 11:46:34,anonymous,,,Man,HBO,53,Niet gelovig,Drenthe,Ja,,Ja,Ja,Ja,Ja,Nee,Nee,Nee,Nee,zeer eens,beetje eens,zeer eens,zeer eens,neutraal,neutraal,
19,5-8-24 11:55:49,5-8-24 11:58:16,anonymous,,,Man,Middelbare school,23,Niet gelovig,Friesland,Ja,Niet van toepassing ,Ja,Ja,Nee,Ja,Nee,Ja,Nee,Ja,neutraal,beetje eens,eens,eens,neutraal,neutraal,
20,5-8-24 12:16:54,5-8-24 12:20:27,anonymous,,,Vrouw,Geen diploma ,16,Niet gelovig,Groningen,Ja,Niet van toepassing ,Ja,Ja,Ja,Nee,Weet ik niet,Weet ik niet,Nee,Nee,zeer eens,zeer eens,zeer eens,zeer eens,zeer eens,zeer eens,Nee hoor :)
21,5-8-24 12:21:41,5-8-24 12:24:21,anonymous,,,Vrouw,Middelbare school,15,Niet gelovig,Groningen,Ja,,Ja,Ja,Ja,Weet ik niet,Nee,Weet ik niet,Weet ik niet,Nee,zeer eens,zeer eens,zeer eens,zeer eens,eens,zeer eens,
22,5-8-24 12:21:24,5-8-24 12:25:15,anonymous,,,Vrouw,MBO,48,Niet gelovig,Friesland,Ja,Niet van toepassing ,Ja,Ja,Weet ik niet,Ja,Nee,Nee,Nee,Nee,eens,beetje eens,beetje eens,eens,eens,beetje eens,
23,5-8-24 12:23:59,5-8-24 12:26:54,anonymous,,,Man,MBO,63,Christendom ,Zuid-Holland,Ja,Niet van toepassing ,Nee,Ja,Ja,Ja,Nee,Nee,Nee,Nee,oneens,neutraal,neutraal,neutraal,neutraal,neutraal,
24,5-8-24 12:26:07,5-8-24 12:28:27,anonymous,,,Man,MBO,24,Anders,Friesland,Ja,Niet van toepassing ,Ja,Ja,Nee,Ja,Nee,Ja,Nee,Ja,eens,eens,eens,eens,neutraal,oneens,
25,5-8-24 12:16:19,5-8-24 12:29:05,anonymous,,,Vrouw,Universiteit,44,Niet gelovig,Ik ben niet in Nederland opgegroeid,Ja,,Ja,Ja,Ja,Ja,Nee,Weet ik niet,Nee,Nee,,,,,,,Ik heb de laatste vraag niet ingevuld want ik kan me niet goed vinden in de formulering 'Een abortus is wenselijk wanneer'. Wenselijk voor wie? De vrouw? Haar ouders/partner? De maatschappij? Vanuit medisch perspectief? Gaat het meer om 'Een abortus moet mogelijk zijn wanneer' of 'Er mag ervoor gekozen worden wanneer'?
26,5-8-24 12:25:58,5-8-24 12:29:25,anonymous,,,Vrouw,MBO,36,Niet gelovig,Friesland,Ja,Niet van toepassing ,Ja,Ja,Weet ik niet,Nee,Nee,Nee,Nee,Nee,eens,eens,eens,eens,eens,eens,
27,5-8-24 12:27:56,5-8-24 12:30:21,anonymous,,,Man,Middelbare school,18,Niet gelovig,Friesland,Ja,Ja,Ja,Ja,Ja,Nee,Nee,Ja,Nee,Ja,zeer eens,zeer eens,zeer eens,zeer eens,neutraal,neutraal,Nee
28,5-8-24 12:29:00,5-8-24 12:32:06,anonymous,,,Vrouw,MBO,51,Niet gelovig,Friesland,Ja,,Ja,Ja,Nee,Ja,Nee,Ja,Nee,Nee,eens,beetje eens,beetje eens,eens,eens,beetje eens,
29,5-8-24 12:28:45,5-8-24 12:32:25,anonymous,,,Man,MBO,43,Islam,Noord-Brabant,Ja,,Ja,Nee,Ja,Nee,Ja,Ja,Nee,Ja,eens,zeer oneens,zeer oneens,zeer oneens,zeer oneens,zeer oneens,
30,5-8-24 12:26:41,5-8-24 12:32:26,anonymous,,,Vrouw,Geen diploma ,17,Niet gelovig,Drenthe,Ja,Niet van toepassing ,Ja,Ja,Ja,Nee,Nee,Nee,Weet ik niet,Nee,zeer eens,eens,eens,zeer eens,eens,eens,
31,5-8-24 12:27:01,5-8-24 12:32:26,anonymous,,,Vrouw,Middelbare school,18,Niet gelovig,Friesland,Ja,,Ja,Ja,Ja,Weet ik niet,Nee,Ja,Nee,Nee,eens,eens,eens,zeer eens,neutraal,beetje oneens,
32,5-8-24 12:34:32,5-8-24 12:38:03,anonymous,,,Vrouw,MBO,49,Niet gelovig,Groningen,Ja,,Ja,Ja,Ja,Ja,Nee,Ja,Nee,Ja,zeer eens,zeer eens,zeer eens,zeer eens,oneens,zeer eens,
33,5-8-24 12:33:51,5-8-24 12:39:42,anonymous,,,Vrouw,Overige,55,Christendom ,Noord-Holland,Ja,,Ja,Ja,Ja,Ja,Nee,Nee,Nee,Nee,eens,neutraal,neutraal,eens,beetje oneens,oneens,
34,5-8-24 12:38:19,5-8-24 12:42:16,anonymous,,,Vrouw,MBO,59,Christendom ,Overijssel,Ja,,Ja,Ja,Weet ik niet,Ja,Ja,Ja,Ja,Ja,zeer eens,zeer eens,zeer eens,zeer eens,beetje oneens,oneens,
35,5-8-24 12:39:45,5-8-24 12:42:48,anonymous,,,Man,MBO,51,Niet gelovig,Groningen,Ja,,Ja,Ja,Ja,Weet ik niet,Nee,Ja,Nee,Ja,eens,eens,neutraal,zeer eens,beetje eens,beetje eens,
36,5-8-24 12:45:50,5-8-24 12:49:04,anonymous,,,Man,Universiteit,57,Niet gelovig,Drenthe,Ja,Niet van toepassing ,Ja,Ja,Ja,Ja,Nee,Ja,Ja,Ja,zeer eens,beetje eens,beetje eens,zeer eens,eens,zeer oneens,
37,5-8-24 12:37:13,5-8-24 12:49:07,anonymous,,,Man,Middelbare school,54,Christendom ,Flevoland,Ja,Niet van toepassing ,Ja,Ja,Nee,Ja,Nee,Nee,Nee,Nee,zeer eens,beetje oneens,eens,zeer eens,eens,oneens,
38,5-8-24 12:49:50,5-8-24 12:52:00,anonymous,,,Vrouw,HBO,52,Niet gelovig,Friesland,Ja,,Ja,Ja,Ja,Ja,Nee,Nee,Nee,Nee,zeer eens,zeer eens,zeer eens,zeer eens,zeer eens,eens,
39,5-8-24 12:52:42,5-8-24 12:54:19,anonymous,,,Vrouw,Middelbare school,17,Niet gelovig,Groningen,Ja,,Ja,Ja,Ja,Nee,Nee,Nee,Nee,Nee,zeer eens,eens,zeer eens,zeer eens,zeer eens,zeer eens,
40,5-8-24 13:03:41,5-8-24 13:06:26,anonymous,,,Vrouw,Middelbare school,18,Niet gelovig,Zuid-Holland,Ja,Niet van toepassing ,Ja,Ja,Ja,Nee,Nee,Ja,Nee,Nee,zeer eens,eens,zeer eens,zeer eens,zeer eens,zeer eens,
41,5-8-24 13:03:49,5-8-24 13:07:57,anonymous,,,Man,HBO,55,Niet gelovig,Groningen,Ja,,Ja,Ja,Ja,Ja,Nee,Nee,Nee,Ja,zeer eens,zeer eens,zeer eens,zeer eens,oneens,oneens,
42,5-8-24 13:11:00,5-8-24 13:14:33,anonymous,,,Vrouw,Middelbare school,15,Niet gelovig,Groningen,Ja,Niet van toepassing ,Ja,Ja,Ja,Nee,Nee,Ja,Nee,Nee,eens,beetje oneens,beetje eens,zeer eens,beetje eens,zeer eens,
43,5-8-24 13:23:28,5-8-24 13:27:54,anonymous,,,Man,Middelbare school,17,Anders,Groningen,Ja,Niet van toepassing ,Ja,Ja,Nee,Weet ik niet,Weet ik niet,Ja,Nee,Ja,eens,neutraal,eens,beetje eens,oneens,beetje oneens,Nee
44,5-8-24 13:30:13,5-8-24 13:32:33,anonymous,,,Man,Universiteit,65,Niet gelovig,Gelderland,Ja,,Ja,Ja,Ja,Nee,Nee,Nee,Nee,Nee,zeer eens,oneens,zeer eens,zeer eens,zeer eens,eens,
45,5-8-24 13:15:58,5-8-24 13:34:18,anonymous,,,Man,Middelbare school,45,Niet gelovig,Groningen,Ja,,Ja,Ja,Ja,Ja,Nee,Ja,Nee,Nee,,beetje eens,zeer eens,zeer eens,zeer eens,zeer oneens,
46,5-8-24 13:28:57,5-8-24 13:39:22,anonymous,,,Man,Geen diploma ,59,Niet gelovig,Friesland,Ja,,Ja,Ja,Ja,Ja,Weet ik niet,Ja,Ja,Weet ik niet,zeer eens,eens,zeer eens,eens,oneens,oneens,
47,5-8-24 14:01:08,5-8-24 14:04:40,anonymous,,,Man,MBO,46,Niet gelovig,Groningen,Ja,,Ja,Ja,Ja,Ja,Nee,Ja,Nee,Ja,eens,eens,eens,eens,beetje oneens,beetje oneens,
48,5-8-24 14:07:27,5-8-24 14:11:24,anonymous,,,Man,HBO,49,Niet gelovig,Noord-Holland,Ja,,Ja,Ja,Ja,Weet ik niet,Nee,Weet ik niet,Nee,Weet ik niet,zeer eens,eens,zeer eens,zeer eens,eens,beetje eens,
49,5-8-24 14:07:44,5-8-24 14:14:07,anonymous,,,Vrouw,Middelbare school,17,Niet gelovig,Groningen,Ja,Niet van toepassing ,Ja,Ja,Ja,Weet ik niet,Nee,Nee,Nee,Ja,zeer eens,eens,eens,zeer eens,zeer eens,zeer eens,
50,5-8-24 13:56:05,5-8-24 14:14:20,anonymous,,,Man,Middelbare school,58,Islam,Friesland,Ja,Niet van toepassing ,Ja,Ja,Ja,Ja,Weet ik niet,Weet ik niet,Ja,Weet ik niet,eens,oneens,neutraal,neutraal,zeer oneens,zeer oneens,
51,5-8-24 14:13:09,5-8-24 14:16:39,anonymous,,,Man,MBO,51,Niet gelovig,Groningen,Ja,,Ja,Ja,Ja,Ja,Nee,Nee,Nee,Nee,eens,neutraal,beetje eens,eens,neutraal,beetje oneens,
52,5-8-24 14:14:12,5-8-24 14:19:43,anonymous,,,Man,HBO,62,Niet gelovig,Groningen,Ja,,Ja,Ja,Nee,Ja,Nee,Nee,Nee,Nee,zeer eens,zeer eens,zeer eens,zeer eens,zeer eens,zeer eens,
53,5-8-24 14:29:01,5-8-24 14:32:47,anonymous,,,Vrouw,Middelbare school,19,Niet gelovig,Friesland,Ja,Niet van toepassing ,Ja,Ja,Ja,Ja,Nee,Ja,Ja,Nee,eens,eens,eens,eens,eens,eens,
54,5-8-24 14:32:25,5-8-24 14:34:46,anonymous,,,Vrouw,MBO,32,Christendom ,Friesland,Ja,Niet van toepassing ,Ja,Ja,Ja,Weet ik niet,Weet ik niet,Nee,Ja,Ja,zeer eens,eens,zeer eens,eens,eens,beetje eens,Nvt
55,5-8-24 14:31:00,5-8-24 14:35:24,anonymous,,,Man,MBO,50,Christendom ,Friesland,Ja,,Ja,Ja,Weet ik niet,Ja,Nee,Ja,Weet ik niet,Ja,eens,beetje oneens,neutraal,zeer eens,zeer oneens,oneens,
56,5-8-24 14:33:20,5-8-24 14:36:34,anonymous,,,Man,Universiteit,44,Niet gelovig,Groningen,Ja,Niet van toepassing ,Ja,Ja,Ja,Weet ik niet,Nee,Nee,Nee,Nee,zeer eens,zeer eens,zeer eens,zeer eens,zeer eens,eens,
57,5-8-24 14:13:57,5-8-24 14:53:51,anonymous,,,Man,MBO,39,Christendom ,Gelderland,Nee,Ja,Ja,Ja,Nee,Ja,Ja,Nee,Ja,Ja,eens,eens,eens,eens,neutraal,eens,
58,5-8-24 14:52:47,5-8-24 14:54:36,anonymous,,,Vrouw,HBO,52,Niet gelovig,Zuid-Holland,Ja,,Ja,Ja,Ja,Nee,Nee,Ja,Nee,Weet ik niet,eens,eens,eens,eens,eens,eens,
59,5-8-24 15:03:37,5-8-24 15:06:21,anonymous,,,Man,Middelbare school,20,Niet gelovig,Friesland,Ja,Niet van toepassing ,Ja,Ja,Ja,Nee,Ja,Ja,Nee,Ja,eens,beetje eens,beetje eens,eens,beetje eens,beetje eens,
60,5-8-24 15:06:26,5-8-24 15:08:37,anonymous,,,Man,MBO,56,Niet gelovig,Friesland,Ja,,Ja,Ja,Ja,Weet ik niet,Ja,Ja,Ja,Ja,eens,beetje eens,beetje eens,beetje eens,beetje oneens,oneens,
61,5-8-24 15:03:10,5-8-24 15:10:35,anonymous,,,Vrouw,MBO,49,Niet gelovig,Groningen,Ja,Niet van toepassing ,Ja,Ja,Ja,Ja,Nee,Nee,Nee,Weet ik niet,eens,beetje eens,beetje eens,zeer eens,oneens,beetje oneens,
62,5-8-24 15:01:45,5-8-24 15:10:56,anonymous,,,Vrouw,HBO,49,Niet gelovig,Noord-Brabant,Ja,,Ja,Ja,Ja,Nee,Nee,Nee,Ja,Nee,zeer eens,beetje oneens,eens,zeer eens,beetje oneens,beetje oneens,
63,5-8-24 15:09:41,5-8-24 15:14:31,anonymous,,,Vrouw,HBO,53,Niet gelovig,Gelderland,Ja,,Ja,Ja,Ja,Nee,Nee,Nee,Nee,Nee,eens,eens,eens,eens,eens,beetje eens,
64,5-8-24 15:36:07,5-8-24 15:40:24,anonymous,,,Vrouw,MBO,22,Niet gelovig,Drenthe,Ja,Niet van toepassing ,Ja,Ja,Nee,Nee,Nee,Nee,Nee,Nee,zeer eens,beetje oneens,beetje eens,eens,eens,neutraal,
65,5-8-24 16:52:13,5-8-24 16:55:49,anonymous,,,Man,HBO,52,Niet gelovig,Groningen,Ja,Niet van toepassing ,Ja,Ja,Ja,Nee,Nee,Nee,Nee,Nee,eens,eens,eens,eens,eens,beetje oneens,
66,5-8-24 17:03:38,5-8-24 17:07:19,anonymous,,,Vrouw,MBO,56,Niet gelovig,Groningen,Ja,Niet van toepassing ,Nee,Ja,Ja,Ja,Ja,Ja,Ja,Ja,beetje eens,beetje oneens,beetje eens,eens,zeer oneens,eens,
67,5-8-24 17:02:07,5-8-24 17:07:57,anonymous,,,Man,MBO,75,Christendom ,Groningen,Nee,Ja,Ja,Ja,Ja,Weet ik niet,Ja,Ja,Ja,Ja,eens,eens,eens,eens,neutraal,neutraal,
68,5-8-24 17:51:23,5-8-24 17:54:50,anonymous,,,Man,HBO,66,Niet gelovig,Noord-Brabant,Ja,,Ja,Ja,Ja,Nee,Nee,Nee,Weet ik niet,Nee,eens,beetje eens,eens,eens,beetje eens,oneens,
69,5-8-24 17:58:44,5-8-24 18:03:51,anonymous,,,Man,Universiteit,47,Anders,Zuid-Holland,Ja,,Ja,Ja,Ja,Ja,Nee,Ja,Ja,Ja,zeer eens,neutraal,eens,zeer eens,neutraal,beetje eens,Vraag 15 beter specificeren. Bijv. Wat als de biologische vader een verkrachter is. Dit impliceert een andere insteek dan wanneer de vrouw een (vaste) partner heeft.
70,5-8-24 18:01:35,5-8-24 18:07:22,anonymous,,,Man,HBO,66,Niet gelovig,Groningen,Ja,,Ja,Ja,Ja,Ja,Nee,Nee,Nee,Nee,zeer eens,eens,eens,zeer eens,beetje eens,eens,
71,5-8-24 18:10:19,5-8-24 18:13:35,anonymous,,,Vrouw,Middelbare school,17,Niet gelovig,Groningen,Ja,Niet van toepassing ,Ja,Ja,Ja,Nee,Nee,Nee,Nee,Nee,zeer eens,zeer eens,zeer eens,zeer eens,zeer eens,zeer eens,
72,5-8-24 18:10:12,5-8-24 18:14:50,anonymous,,,Man,HBO,39,Niet gelovig,Friesland,Ja,,Ja,Ja,Ja,Nee,Nee,Nee,Nee,Nee,zeer eens,eens,eens,zeer eens,zeer eens,eens,
73,5-8-24 18:14:12,5-8-24 18:16:40,anonymous,,,Man,Universiteit,42,Niet gelovig,Groningen,Ja,Niet van toepassing ,Ja,Ja,Ja,Ja,Nee,Ja,Nee,Ja,eens,neutraal,eens,eens,neutraal,neutraal,
74,5-8-24 18:31:24,5-8-24 18:33:38,anonymous,,,Man,Universiteit,60,Niet gelovig,Limburg,Ja,Niet van toepassing ,Ja,Ja,Ja,Nee,Nee,Nee,Nee,Nee,zeer eens,zeer eens,zeer eens,zeer eens,zeer eens,zeer eens,
75,5-8-24 18:33:50,5-8-24 18:38:54,anonymous,,,Man,HBO,59,Christendom ,Groningen,Nee,Ja,Ja,Ja,Weet ik niet,Weet ik niet,Nee,Ja,Ja,Nee,eens,zeer oneens,zeer oneens,eens,oneens,zeer oneens,
76,5-8-24 18:51:16,5-8-24 18:55:02,anonymous,,,Vrouw,MBO,62,Niet gelovig,Gelderland,Ja,Niet van toepassing ,Ja,Ja,Ja,Weet ik niet,Nee,Weet ik niet,Ja,Weet ik niet,eens,neutraal,neutraal,eens,neutraal,neutraal,
77,5-8-24 18:52:37,5-8-24 18:56:37,anonymous,,,Vrouw,MBO,48,Niet gelovig,Friesland,Ja,,Ja,Ja,Weet ik niet,Ja,Nee,Ja,Weet ik niet,Ja,eens,zeer eens,zeer eens,zeer eens,zeer oneens,zeer oneens,
78,5-8-24 18:52:07,5-8-24 18:56:38,anonymous,,,Man,Universiteit,51,Niet gelovig,Groningen,Ja,,Ja,Ja,Ja,Ja,Nee,Nee,Ja,Nee,zeer eens,neutraal,neutraal,zeer eens,eens,eens,
79,5-8-24 18:49:41,5-8-24 19:03:29,anonymous,,,Vrouw,HBO,49,Niet gelovig,Groningen,Ja,,Ja,Ja,Ja,Weet ik niet,Nee,Nee,Nee,Nee,zeer eens,beetje eens,beetje eens,zeer eens,zeer eens,zeer eens,
80,5-8-24 18:39:10,5-8-24 19:08:43,anonymous,,,Man,Middelbare school,54,Niet gelovig,Noord-Holland,Ja,Niet van toepassing ,Ja,Ja,Ja,Nee,Nee,Nee,Nee,Nee,zeer eens,zeer eens,zeer eens,zeer eens,zeer eens,zeer eens,"Recht over je eigen lijf, waarbij religie of andere zaken, opgelegd door anderen niet relevant zijn."
81,5-8-24 19:13:58,5-8-24 19:19:37,anonymous,,,Man,Middelbare school,19,Niet gelovig,Groningen,Ja,,Ja,Ja,Ja,Nee,Nee,Nee,Nee,Nee,zeer eens,eens,zeer eens,zeer eens,zeer eens,zeer eens,
82,5-8-24 19:23:17,5-8-24 19:26:07,anonymous,,,Vrouw,HBO,57,Niet gelovig,Groningen,Ja,Niet van toepassing ,Ja,Ja,Ja,Nee,Nee,Nee,Nee,Nee,zeer eens,eens,zeer eens,zeer eens,eens,eens,
83,5-8-24 18:22:42,5-8-24 19:28:29,anonymous,,,Man,HBO,60,Christendom ,Noord-Brabant,Ja,,Ja,Ja,Ja,Weet ik niet,Ja,Nee,Nee,Ja,zeer eens,beetje eens,beetje eens,zeer eens,beetje oneens,beetje oneens,
84,5-8-24 19:27:39,5-8-24 19:29:20,anonymous,,,Man,HBO,52,Niet gelovig,Groningen,Ja,Niet van toepassing ,Ja,Ja,Ja,Ja,Nee,Ja,Ja,Ja,zeer eens,beetje eens,beetje eens,zeer eens,beetje eens,beetje eens,
85,5-8-24 19:27:32,5-8-24 19:29:37,anonymous,,,Man,HBO,65,Niet gelovig,Friesland,Ja,,Ja,Ja,Ja,Ja,Nee,Nee,Nee,Nee,zeer eens,eens,eens,zeer eens,eens,eens,
86,5-8-24 19:47:00,5-8-24 19:50:37,anonymous,,,Vrouw,Universiteit,48,Niet gelovig,Groningen,Ja,,Ja,Ja,Nee,Ja,Nee,Nee,Nee,Nee,zeer eens,neutraal,neutraal,zeer eens,neutraal,neutraal,
87,5-8-24 19:58:55,5-8-24 20:11:46,anonymous,,,Vrouw,MBO,45,Niet gelovig,Groningen,Ja,,Ja,Ja,Ja,Nee,Nee,Nee,Nee,Nee,zeer eens,oneens,eens,zeer eens,zeer eens,zeer eens,Abortus moet legaal zijn en zeker een vrije keuze
88,5-8-24 19:45:57,5-8-24 20:16:18,anonymous,,,Man,HBO,49,Anders,Groningen,Ja,Niet van toepassing ,Ja,Ja,Ja,Ja,Nee,Nee,Nee,Ja,eens,beetje oneens,beetje oneens,eens,zeer oneens,oneens,Bij vraag 15 Ik vind dat een biologische vader wel inspraak moet kunnen hebben als het kind met wederzijdse vrijwilligheid is verwekt
89,5-8-24 20:14:19,5-8-24 20:17:13,anonymous,,,Vrouw,MBO,33,Niet gelovig,Friesland,Ja,,Ja,Ja,Ja,Ja,Nee,Ja,Nee,Weet ik niet,eens,neutraal,beetje eens,eens,beetje eens,beetje eens,Je bent baas over je eigen lijf 
90,5-8-24 20:40:47,5-8-24 20:43:41,anonymous,,,Man,MBO,37,Niet gelovig,Groningen,Ja,Niet van toepassing ,Ja,Ja,Ja,Nee,Nee,Ja,Nee,Nee,zeer eens,eens,eens,zeer eens,neutraal,neutraal,
91,5-8-24 20:40:48,5-8-24 20:44:20,anonymous,,,Man,MBO,39,Niet gelovig,Groningen,Ja,,Ja,Ja,Ja,Ja,Nee,Ja,Nee,Ja,eens,eens,eens,zeer eens,eens,zeer eens,
92,5-8-24 21:16:48,5-8-24 21:22:12,anonymous,,,Man,MBO,52,Niet gelovig,Groningen,Ja,Niet van toepassing ,Ja,Ja,Ja,Nee,Nee,Nee,Nee,Nee,zeer eens,beetje eens,eens,eens,eens,neutraal,
93,5-8-24 22:25:44,5-8-24 22:28:40,anonymous,,,Vrouw,MBO,20,Niet gelovig,Groningen,Ja,Niet van toepassing ,Ja,Ja,Ja,Ja,Weet ik niet,Nee,Nee,Nee,zeer eens,zeer eens,zeer eens,zeer eens,zeer eens,beetje eens,
94,5-8-24 22:47:15,5-8-24 22:50:41,anonymous,,,Man,HBO,58,Niet gelovig,Friesland,Ja,,Ja,Ja,Ja,Nee,Nee,Nee,Nee,Nee,zeer eens,eens,eens,zeer eens,zeer eens,zeer eens,
95,5-8-24 23:12:54,5-8-24 23:23:15,anonymous,,,Man,HBO,71,Niet gelovig,Drenthe,Ja,Niet van toepassing ,Ja,Ja,Ja,Nee,Nee,Nee,Nee,Nee,eens,eens,eens,eens,eens,eens,
96,5-9-24 7:56:09,5-9-24 7:59:44,anonymous,,,Man,Middelbare school,17,Niet gelovig,Groningen,Ja,Niet van toepassing ,Ja,Ja,Ja,Nee,Nee,Ja,Nee,Ja,zeer eens,beetje eens,eens,zeer eens,oneens,beetje oneens,Nee hoor
97,5-9-24 11:04:46,5-9-24 11:08:25,anonymous,,,Man,MBO,56,Niet gelovig,Groningen,Ja,Niet van toepassing ,Ja,Ja,Ja,Nee,Nee,Nee,Nee,Nee,zeer eens,eens,zeer eens,zeer eens,zeer eens,zeer eens,
98,5-9-24 16:28:33,5-9-24 16:40:07,anonymous,,,Vrouw,HBO,44,Niet gelovig,Groningen,Ja,,Ja,Ja,Ja,Nee,Nee,Nee,Nee,Nee,zeer eens,zeer eens,zeer eens,zeer eens,beetje eens,eens,Ik denk dat vrouwen niet zomaar een abortus ondergaan. En vind het wel belangrijk dat er een termijn is tot wanneer dit mag. Maar volgens mij is die er nu ook. 
99,5-9-24 18:28:07,5-9-24 18:43:10,anonymous,,,Vrouw,MBO,80,Niet gelovig,Friesland,Ja,,Ja,Ja,Ja,Nee,Nee,Nee,Ja,Nee,eens,eens,eens,zeer eens,eens,neutraal,
100,5-9-24 18:34:36,5-9-24 18:43:33,anonymous,,,Man,HBO,75,Anders,Noord-Holland,Nee,Ja,Ja,Ja,Weet ik niet,Weet ik niet,Nee,Ja,Weet ik niet,Nee,eens,neutraal,neutraal,eens,beetje eens,neutraal,
101,5-9-24 18:43:16,5-9-24 18:47:21,anonymous,,,Man,HBO,79,Niet gelovig,Zuid-Holland,Ja,,Ja,Ja,Ja,Weet ik niet,Nee,Nee,Nee,Nee,zeer eens,zeer eens,zeer eens,eens,zeer eens,eens,
102,5-10-24 7:46:37,5-10-24 7:48:34,anonymous,,,Vrouw,MBO,52,Niet gelovig,Gelderland,Ja,,Ja,Ja,Ja,Nee,Nee,Nee,Nee,Nee,eens,beetje eens,eens,eens,beetje oneens,oneens,
103,5-10-24 13:29:46,5-10-24 13:36:14,anonymous,,,Vrouw,Universiteit,34,Anders,Groningen,Ja,,Ja,Ja,Ja,Weet ik niet,Nee,Nee,Nee,Nee,zeer eens,neutraal,beetje eens,eens,zeer eens,beetje eens,
104,5-10-24 15:25:45,5-10-24 15:27:57,anonymous,,,Vrouw,Universiteit,30,Niet gelovig,Groningen,Ja,Niet van toepassing ,Ja,Ja,Ja,Nee,Nee,Nee,Nee,Nee,zeer eens,eens,eens,zeer eens,zeer eens,eens,
105,5-10-24 22:24:37,5-10-24 22:38:37,anonymous,,,Vrouw,Middelbare school,17,Niet gelovig,Groningen,Ja,Niet van toepassing ,Ja,Ja,Ja,Weet ik niet,Nee,Weet ik niet,Nee,Weet ik niet,zeer eens,beetje eens,eens,zeer eens,neutraal,beetje eens,
106,5-11-24 12:42:54,5-11-24 12:47:15,anonymous,,,Man,HBO,40,Niet gelovig,Groningen,Ja,Niet van toepassing ,Ja,Ja,Ja,Ja,Nee,Nee,Nee,Nee,zeer eens,eens,eens,zeer eens,zeer eens,zeer eens,
107,5-11-24 13:02:37,5-11-24 13:11:24,anonymous,,,Vrouw,HBO,32,Niet gelovig,Groningen,Ja,Niet van toepassing ,Ja,Ja,Ja,Ja,Nee,Nee,Nee,Weet ik niet,zeer eens,neutraal,beetje eens,neutraal,zeer eens,eens,"Ik vind het niet perse wenselijk of onwenselijk, ik vind vooral dat zwangere vrouwen/ouders de keuze moeten hebben op basis van hun situatie en wensen."
108,5-11-24 19:18:20,5-11-24 19:24:12,anonymous,,,Man,Middelbare school,20,Niet gelovig,Drenthe,Ja,,Ja,Ja,Ja,Nee,Nee,Nee,Nee,Ja,zeer eens,zeer eens,zeer eens,zeer eens,neutraal,zeer eens,
109,5-13-24 14:18:33,5-13-24 14:22:00,anonymous,,,Wil ik liever niet melden,HBO,19,Boeddhisme,Friesland,Ja,Niet van toepassing ,Ja,Ja,Ja,Nee,Nee,Nee,Nee,Nee,zeer eens,neutraal,neutraal,zeer eens,zeer eens,beetje eens,
110,5-20-24 23:03:29,5-20-24 23:06:54,anonymous,,,Vrouw,MBO,21,Niet gelovig,Drenthe,Ja,,Ja,Ja,Ja,Ja,Nee,Ja,Nee,Weet ik niet,zeer eens,neutraal,zeer eens,zeer eens,zeer eens,neutraal,
111,5-26-24 11:11:44,5-26-24 11:13:57,anonymous,,,Man,MBO,62,Niet gelovig,Gelderland,Ja,,Ja,Ja,Ja,Nee,Nee,Nee,Nee,Nee,eens,eens,eens,eens,eens,eens,
112,5-31-24 18:03:19,5-31-24 18:10:47,anonymous,,,Vrouw,MBO,23,Niet gelovig,Zuid-Holland,Ja,Niet van toepassing ,Ja,Ja,Ja,Ja,Nee,Nee,Nee,Nee,zeer eens,eens,eens,zeer eens,eens,zeer eens,
113,5-31-24 18:03:01,5-31-24 18:11:07,anonymous,,,Man,MBO,23,Niet gelovig,Groningen,Ja,Niet van toepassing ,Ja,Ja,Ja,Nee,Nee,Ja,Weet ik niet,Ja,zeer eens,eens,zeer eens,zeer eens,beetje eens,eens,
114,5-31-24 18:34:11,5-31-24 18:37:38,anonymous,,,Vrouw,MBO,20,Niet gelovig,Drenthe,Ja,Niet van toepassing ,Ja,Ja,Ja,Nee,Nee,Nee,Nee,Nee,zeer eens,eens,eens,eens,zeer eens,eens,Abortus is een mensenrecht!!
